661655538057486340|1446585947895|Tue Nov 03 21:25:47 +0000 2015|automated|False|en|#Read This Book &gt; https://t.co/l18ncpEKIt #9868 VERY RARE!!!  1904, Baptist Cook Book, Paris, Illinios, 2nd Edition https://t.co/IcISvKSSou
661655538539843584|1446585948010|Tue Nov 03 21:25:48 +0000 2015|apple-device|True|en|RT @starwars: With uniquely #StarWars activities like Vader papercrafts &amp; droid rewiring, these little books entertain us a lot. https://t.‚Ä¶
661655539139481600|1446585948153|Tue Nov 03 21:25:48 +0000 2015|apple-device|True|en|RT @realDonaldTrump: "@JayJohnsonLikes: @realDonaldTrump been here in line for two hours already. reading book while waiting. I'll see you ‚Ä¶
661655539508711424|1446585948241|Tue Nov 03 21:25:48 +0000 2015|apple-device|True|en|RT @Wyres67: Woo a nice stocking filler for someone maybe. ;-) https://t.co/UJlCzS1Nky
661655538275590144|1446585947947|Tue Nov 03 21:25:47 +0000 2015|android|False|en|Sometimes the strangest things help us learn books of the Bible! I made this up last Sunday randomly #sundayschool https://t.co/dyHJowZUkX
661655540838232065|1446585948558|Tue Nov 03 21:25:48 +0000 2015|tweetdeck|False|en|@Chris_Brady12 Thing is the author is contradicting himself. The average person doesn' read 2k word articles. Anywhere.
661655540238389248|1446585948415|Tue Nov 03 21:25:48 +0000 2015|other|False|en|Are plants intelligent? New book says¬†yes https://t.co/f5AJDwA12Z https://t.co/YeW2Qd63s5
661655540938993664|1446585948582|Tue Nov 03 21:25:48 +0000 2015|webclient|False|en|Hi Knoxville - our #BankrollingtheBench author Scott Greytak is @UTKnoxville this Friday: come listen! https://t.co/Fn8j7CgJXf  #faircourts
661655541505269760|1446585948717|Tue Nov 03 21:25:48 +0000 2015|apple-device|True|en|RT @tyleroakley: @RickyPDillon HOPE YOU LIKE IT TRICKY RICKY STICKY DICKY!!! also feel free to burn it if you hate books
661655541119393792|1446585948625|Tue Nov 03 21:25:48 +0000 2015|automated|False|en|#Read This Book &gt; https://t.co/eziS3Hdfjq #9918 Animal Messengers: An A-Z Guide to Signs and Omens in the Natural ‚Ä¶ https://t.co/8IrfFTy3Vp
661655542507638784|1446585948956|Tue Nov 03 21:25:48 +0000 2015|android|False|en|Went to WHSmith today. Was so confused whether to buy @ZozeeBo, @tyleroakley, @PointlessBlog or @SprinkleofGlitr's book!!? üòûüòûüòßüòß
661655542805364736|1446585949027|Tue Nov 03 21:25:49 +0000 2015|webclient|True|en|RT @Libroantiguo: Bob Kane, American author and illustrator, died on this day in 1998.
üì∑Kane on the set of the Batman TV show in 1966. http‚Ä¶
661655544629956608|1446585949462|Tue Nov 03 21:25:49 +0000 2015|automated|False|en|#Read This Book &gt; https://t.co/eoRyrCt610 #2889 1963 VINTAGE Antique General Foods Kitchens Frozen Foods Recipe Co‚Ä¶ https://t.co/qrquLmEIEB
661655545137491968|1446585949583|Tue Nov 03 21:25:49 +0000 2015|webclient|True|en|RT @PolisBooks: BREAKING COVER, the first Tony Wolf/Tim Buckthorn thriller by @JD_Rhoades, is just $1.99 for a limited time! https://t.co/L‚Ä¶
661655544629891072|1446585949462|Tue Nov 03 21:25:49 +0000 2015|webclient|False|en|@hRXQN5J3VNfer5Q That's a decision for Del Rey and Disney to make! (I imagine the odds are better if the book sells well.)
661655546366468096|1446585949876|Tue Nov 03 21:25:49 +0000 2015|mobile|False|en|"sometimes its ok to judge a book by its cover" #ALDUBNewCharacter
661655547415015424|1446585950126|Tue Nov 03 21:25:50 +0000 2015|apple-device|True|en|RT @urlilhunty: homosexuality is obviously unnatural it says so!!!!! U kno in that book where a virgin has a baby and a guy walks on water ‚Ä¶
661655547075100672|1446585950045|Tue Nov 03 21:25:50 +0000 2015|webclient|False|en|@sunnerberg Heard ur track HIT me @ 323 798 7710 I'm a booking rep I book tour slots SERIOUS ARTIST ONLY. TXT 1st
661655547293376512|1446585950097|Tue Nov 03 21:25:50 +0000 2015|automated|False|en|#Read This Book &gt; https://t.co/UFYfssQO3k #5969 The Fabulous Egg Cookbook by Jeffrey Feinman; published 1979 https://t.co/rDGuxQfRXR
661655547888992256|1446585950239|Tue Nov 03 21:25:50 +0000 2015|apple-device|True|en|RT @SmallBiz4Trump: TRUMP-ATHON | Seven hour wait for @realdonaldtrump to sign copies of campaign book https://t.co/ypGuZydxHu #SmallBiz4Tr‚Ä¶
661655548069355520|1446585950282|Tue Nov 03 21:25:50 +0000 2015|apple-device|False|en|Three weeks to go until Earthquakes In London opens - tickets selling fast - book early via our school website to avoid disappointment! #KES
661655548400705536|1446585950361|Tue Nov 03 21:25:50 +0000 2015|webclient|True|en|RT @AudrinaLane: #RRBC Support the fab authors 
@karljmorgan 
@karmashadow 
@kathay1973 
@katheranallen 
@KatyHuthJones 
@KDhimandk https:/‚Ä¶
661655548664803329|1446585950424|Tue Nov 03 21:25:50 +0000 2015|webclient|False|en|Celebrating Five Years as an Indie Author https://t.co/ZjGf8yf9Qm
661655549629435904|1446585950654|Tue Nov 03 21:25:50 +0000 2015|other|False|en|Enter to #win Let's Knit from DK Canada! Great beginner knitting book! @GlimpseReviews  #giveaway ends 11/23 https://t.co/tXhkvzubnX
661655550648807424|1446585950897|Tue Nov 03 21:25:50 +0000 2015|apple-device|False|en|i always have to buy books for university and they are so expensive ugh
661655549973540864|1446585950736|Tue Nov 03 21:25:50 +0000 2015|automated|False|en|#Read This Book &gt; https://t.co/CX0NV9kUE9 #7538 Trollhunters by Guillermo del Toro Hardcover 1st edition book https://t.co/G5OGmWN1GU
661655551177302017|1446585951023|Tue Nov 03 21:25:51 +0000 2015|apple-device|True|en|RT @GregJeffery888: Seven hour wait for Donald Trump to sign copies of campaign book https://t.co/dos3wTtAId realDonaldTrump #MakeAme‚Ä¶ http‚Ä¶
661655551017816064|1446585950985|Tue Nov 03 21:25:50 +0000 2015|apple-device|True|en|RT @indyreadsbooks: "A book is a dream that you hold in your hands" -Neil Gaiman https://t.co/VOoh1kedX6
661655552339091456|1446585951300|Tue Nov 03 21:25:51 +0000 2015|apple-device|True|en|RT @hauntedsunshine: Join me at @mallofamerica November 20th 5pm for a book signing Q&amp;A EXCLUSIVE videos &amp; giveaways! Details: https://t.co‚Ä¶
661655553182158848|1446585951501|Tue Nov 03 21:25:51 +0000 2015|other|False|en|Buy 23 of the Most Spectacular Places on Earth for the Bargain Price of $2.99 on Amazon - #bloggingtips https://t.co/J4xNhj9eWZ
661655553203118080|1446585951506|Tue Nov 03 21:25:51 +0000 2015|apple-device|True|en|RT @DanScavino: .@realDonaldTrump book signing @ #TrumpTower #NYC. Lines wrapping around building. #Trump2016 #MakeAmericaGreatAgain https:‚Ä¶
661655553618374656|1446585951605|Tue Nov 03 21:25:51 +0000 2015|webclient|True|en|RT @bookdealstoday: FREE EBOOK:  One woman's forbidden magic stands between the werewolves and extinction. https://t.co/BqGiOM54Ua #IARTG #‚Ä¶
661655555115757568|1446585951962|Tue Nov 03 21:25:51 +0000 2015|automated|False|en|JK Rowling Is Writing More Novels ‚Äì TIME https://t.co/DEz4ZQ5zsD
661655555128193025|1446585951965|Tue Nov 03 21:25:51 +0000 2015|apple-device|True|en|RT @realDonaldTrump: "@TIMENOUT: @realDonaldTrump Book in hand waiting for The Next President https://t.co/83tJMZUUIa"
661655555736518656|1446585952110|Tue Nov 03 21:25:52 +0000 2015|other|False|en|Enter to #win Let's Knit from DK Canada! Great beginner knitting book! @GlimpseReviews  #giveaway ends 11/23 https://t.co/hwgfjQ7kv1
661655556067840000|1446585952189|Tue Nov 03 21:25:52 +0000 2015|android|True|en|RT @maximumpop: See if you won a SIGNED copy of @ZozeeBo's #GirlOnlineOnTour. https://t.co/L5w9BCFG31 https://t.co/SfPI2kW6af
661655556185153536|1446585952217|Tue Nov 03 21:25:52 +0000 2015|apple-device|True|en|RT @KylieJenner: So excited for Khloe‚Äôs release of her new book!!! #StrongLooksBetterNaked is finally here! BUY it now!! https://t.co/NIbbj‚Ä¶
661655555895721984|1446585952148|Tue Nov 03 21:25:52 +0000 2015|webclient|False|en|@Nasa Have you seen #Martian, then you gonna love this book https://t.co/1jFonSkJkF
661655556843806720|1446585952374|Tue Nov 03 21:25:52 +0000 2015|android|True|en|RT @techdecade: Your Consciousness Is an Alien #1 By J.T. Alblood
https://t.co/YfgD5GkzWJ
https://t.co/50kjYBuII8 https://t.co/LU1PXFz0af
661655556931866625|1446585952395|Tue Nov 03 21:25:52 +0000 2015|tweetdeck|True|en|RT @ddknyt: The @nytimes announced today that the great and lucky @declanwalsh will take my place at Cairo bureau chief. And book leave for‚Ä¶
661655556994801664|1446585952410|Tue Nov 03 21:25:52 +0000 2015|tweetdeck|True|en|RT @ddknyt: The @nytimes announced today that the great and lucky @declanwalsh will take my place at Cairo bureau chief. And book leave for‚Ä¶
661655556759928833|1446585952354|Tue Nov 03 21:25:52 +0000 2015|webclient|False|en|The Mystery Alliance: Evians Saga (https://t.co/0PuaXRreph) 

Stop by: https://t.co/QxEL13Wj4k
661655556713771012|1446585952343|Tue Nov 03 21:25:52 +0000 2015|webclient|False|en|My sci book tonight will end up with tear drops around it hahahahaha
661655557238071296|1446585952468|Tue Nov 03 21:25:52 +0000 2015|tweetdeck|True|en|RT @FEELZ_: Worst thing to happen is for Rooney to score in CL. 

That just earned him 10 more matches of utter garbage in LVG's book.
661655557472915456|1446585952524|Tue Nov 03 21:25:52 +0000 2015|automated|False|en|#Read This Book &gt; https://t.co/E1IHNESlQ5 #6027 The Monkey on My Back By Debbi Morgan | New (Trade Paper) BOOK | 9‚Ä¶ https://t.co/fH9yxlxZr2
661655559112892416|1446585952915|Tue Nov 03 21:25:52 +0000 2015|android|True|en|RT @WritersDigest: Writing Tips From Andy Weir, author of THE MARTIAN (PLUS: Win a copy of The Martian) - https://t.co/8gCUPGHmy0 #WritersD‚Ä¶
661655560027156480|1446585953133|Tue Nov 03 21:25:53 +0000 2015|android|True|en|RT @realDonaldTrump: I will be interviewed on @GMA at 7:00 A.M. and @foxandfriends at 7:50. Talking about my new book, out today, Crippled ‚Ä¶
661655559918231554|1446585953107|Tue Nov 03 21:25:53 +0000 2015|automated|False|en|Four months after JPMorgan Chase agreed to pay at least $136 million to close the books on state and federal investigations into its...
661655560899665921|1446585953341|Tue Nov 03 21:25:53 +0000 2015|automated|True|en|RT @bragmybook: Very good book with several surprises. @72Zadunajsky #Kindle https://t.co/X4aBk9R3WF
661655562082508800|1446585953623|Tue Nov 03 21:25:53 +0000 2015|automated|False|en|@InFocusFoodie We understand that you would like to book a car reservation. Please call us at 1-855-201-7800 for further assistance. ^KP
661655563454017536|1446585953950|Tue Nov 03 21:25:53 +0000 2015|automated|False|en|JK Rowling Is Writing More Novels ‚Äì TIME https://t.co/oYZps9sHfY
661655563500199936|1446585953961|Tue Nov 03 21:25:53 +0000 2015|mobile|True|en|RT @trump_world: Did we capture you on the #Trump2016CampaignCam? Amazing turnout for realDonaldTrump #CrippledAmerica book launch. https:/‚Ä¶
661655561444831232|1446585953471|Tue Nov 03 21:25:53 +0000 2015|webclient|False|en|Bport Local Scholarship book is now available online! https://t.co/6kmIJCebbO 
#BISDpride #Bportpride https://t.co/m5fRQxEagF
661655564695531520|1446585954246|Tue Nov 03 21:25:54 +0000 2015|socialsite|False|en|Four months after JPMorgan Chase agreed to pay at least $136 million to close the books on state and federal... https://t.co/8PnIwci5Qt
661655565278576640|1446585954385|Tue Nov 03 21:25:54 +0000 2015|webclient|True|en|RT @RobinGlasser1: #50ShadesofGrey matter at ‚òÖTHE BRAIN EXCHANGE‚òÖ  

https://t.co/xcmdrWec0b

#HotTitles #ASMSG #erotica #kindle #amreading‚Ä¶
661655565093982210|1446585954341|Tue Nov 03 21:25:54 +0000 2015|socialsite|False|en|Four months after JPMorgan Chase agreed to pay at least $136 million to close the books on state and federal... https://t.co/yG5m6h0hre
661655565060456448|1446585954333|Tue Nov 03 21:25:54 +0000 2015|socialsite|False|en|Four months after JPMorgan Chase agreed to pay at least $136 million to close the books on state and federal... https://t.co/gKFHIFmrSq
661655564515213312|1446585954203|Tue Nov 03 21:25:54 +0000 2015|automated|False|en|#Read This Book &gt; https://t.co/frz6bz1Kp7 #2543 Ina's Kitchen By Ina Pinkney | New (Trade Paper) BOOK | 9781572841‚Ä¶ https://t.co/nMIa3Ze0SR
661655564620054530|1446585954228|Tue Nov 03 21:25:54 +0000 2015|apple-device|False|en|One week from today is the deadline for booking and receiving 10% off!!! Don't wait, book now! #shoplocal #holiday https://t.co/lX1WKHmuRM
661655565345624064|1446585954401|Tue Nov 03 21:25:54 +0000 2015|socialsite|False|en|Four months after JPMorgan Chase agreed to pay at least $136 million to close the books on state and federal... https://t.co/ysIZhqY6dU
661655565878337536|1446585954528|Tue Nov 03 21:25:54 +0000 2015|webclient|False|en|@carolineflack1 Has your book Storm in A C Cup made into the books chart, Caroline?
661655566713004032|1446585954727|Tue Nov 03 21:25:54 +0000 2015|webclient|True|en|RT @ThatAmelia: The truest thing about a person is just as often the thing withheld as the thing offered‚Äîwhat "storytelling" misses: https:‚Ä¶
661655567539245056|1446585954924|Tue Nov 03 21:25:54 +0000 2015|automated|False|en|#Read This Book &gt; https://t.co/R0h3lpX2rW #0385 Cooking With Casseroles (1958)- VINTAGE! Cook Book https://t.co/C8aZ8u1WNT
661655568214589440|1446585955085|Tue Nov 03 21:25:55 +0000 2015|apple-device|False|en|good god https://t.co/yRVheup84t
661655569145704448|1446585955307|Tue Nov 03 21:25:55 +0000 2015|apple-device|True|en|RT @MsWalton: I could write a book on them...soon. https://t.co/aSrHj30B9A
661655569539973121|1446585955401|Tue Nov 03 21:25:55 +0000 2015|automated|False|en|The very first sentence of Donald Trump's new book perfectly nailed his presidential campaign https://t.co/23bu8UIgXj
661655568877268992|1446585955243|Tue Nov 03 21:25:55 +0000 2015|automated|False|en|Men Backpack Swiss Laptop Computer Black Swissgear Outdoor Book School TravelD3B - Bid Now‚Ä¶ https://t.co/WIv5jjQmIM https://t.co/OJuUSj07BF
661655570106204161|1446585955536|Tue Nov 03 21:25:55 +0000 2015|automated|False|en|JK Rowling Is Writing More Novels ‚Äì TIME https://t.co/0XSNGLXaYU
661655569799843840|1446585955463|Tue Nov 03 21:25:55 +0000 2015|webclient|False|en|I'm NaNoWriMo-ing a short, silly romance novel that is making me happy. A welcome relief, and fun to boot!
661655570517262336|1446585955634|Tue Nov 03 21:25:55 +0000 2015|automated|False|en|JK Rowling Is Writing More Novels ‚Äì TIME https://t.co/nO2vfEGkoS
661655570680823809|1446585955673|Tue Nov 03 21:25:55 +0000 2015|apple-device|False|en|@oakleyspromise what's the black book behind binge? Is it a special edition cover or something?
661655571138019328|1446585955782|Tue Nov 03 21:25:55 +0000 2015|webclient|True|en|RT @bookouture: Soooo delighted to share with you the cover of @Marcie_Steele's latest novel.  Out on 11 Dec but pre-order available https:‚Ä¶
661655570659831809|1446585955668|Tue Nov 03 21:25:55 +0000 2015|automated|False|en|#Read This Book &gt; https://t.co/siOTlmuiN9 #8425 3 Vintage Cook Books,By 3 Different Churches. See ALL Details https://t.co/XnUvyITHM4
661655571926413312|1446585955970|Tue Nov 03 21:25:55 +0000 2015|android|True|en|RT @Unseen64: We are still searching for more people to #write or #proofread articles for the U64 book: https://t.co/XadJ2DLyGI https://t.c‚Ä¶
661655572413042688|1446585956086|Tue Nov 03 21:25:56 +0000 2015|android|True|en|RT @techdecade: The Rule of Lachesis-Book 2: Conception Kindle Edition by Jacob Garcia! @ Amazon from $0.99. https://t.co/L62Q9xcv9l https:‚Ä¶
661655572744437760|1446585956165|Tue Nov 03 21:25:56 +0000 2015|mobile|True|en|RT @nicolemilfie: Who writes a 800 page Novel? Who paints using their knee caps, who makes hours worth of films, NOT YOUR AVERAGE PERSON.
661655572979294208|1446585956221|Tue Nov 03 21:25:56 +0000 2015|android|True|en|RT @techdecade: Your Consciousness Is an Alien #1 By J.T. Alblood
https://t.co/YfgD5GkzWJ
https://t.co/50kjYBuII8 https://t.co/LU1PXFz0af
661655572807221248|1446585956180|Tue Nov 03 21:25:56 +0000 2015|webclient|False|en|lol fair point.  I just assumed maybe someone there might have read his book on how to run a team. I shouldn't assume anything @GOSU49
661655573990137856|1446585956462|Tue Nov 03 21:25:56 +0000 2015|android|False|en|Oh. I'm on 3rd chapter BTW ;) https://t.co/QrlP1bmbua
661655573113405440|1446585956253|Tue Nov 03 21:25:56 +0000 2015|webclient|False|en|@Nasa Have you seen #Martian, then you gonna love this book https://t.co/T4OCftSRPb
661655577026801665|1446585957186|Tue Nov 03 21:25:57 +0000 2015|android|False|en|Just because I read the instructions and follow directions that gave the correct answers I failed because I didn't read the book.
661655577081151493|1446585957199|Tue Nov 03 21:25:57 +0000 2015|other|False|en|What does #Buster the #dachshund have to do with #wedding #bliss? Find out in this book https://t.co/6hyNtBlNwe #womensfiction #love
661655578759049216|1446585957599|Tue Nov 03 21:25:57 +0000 2015|apple-device|False|en|@goodreads How am I supposed to pick ONLY ONE Young Adult fantasy novel from that insanely amazing array of choices?! I ‚ù§Ô∏è so many of them!
661655579010666496|1446585957659|Tue Nov 03 21:25:57 +0000 2015|webclient|False|en|I want to #win a personalised book with @love2read4kids and @mummymelton https://t.co/1W4iVw90GK
661655579786629120|1446585957844|Tue Nov 03 21:25:57 +0000 2015|webclient|False|en|I'm going back to school with @BookSparks for #FRC2015! https://t.co/lnvoyZM4xg #amreading https://t.co/rCoyG8uz45
661655581015543812|1446585958137|Tue Nov 03 21:25:58 +0000 2015|webclient|False|en|Visit my author page at: https://t.co/joPHK4NNWU #author #Writer #amwriting
661655581107855361|1446585958159|Tue Nov 03 21:25:58 +0000 2015|mobile|False|en|https://t.co/dAwPPaasvs ayurvedic book download
661655581871251458|1446585958341|Tue Nov 03 21:25:58 +0000 2015|automated|False|en|JK Rowling Is Writing More Novels ‚Äì TIME https://t.co/Ynk04dAAyd
661655581816545280|1446585958328|Tue Nov 03 21:25:58 +0000 2015|other|False|en|@becomingcliche something like that might fly in a Gwen book because she‚Äôs lazy by nature, but Veruca has standards.
661655582223544320|1446585958425|Tue Nov 03 21:25:58 +0000 2015|webclient|False|en|82 - Wilkinson goes into the book for a late foul on Romain Vincelot. https://t.co/X03yZlVVYL 4-2 #PUSB
661655582554869760|1446585958504|Tue Nov 03 21:25:58 +0000 2015|apple-device|True|en|RT @tiborvass: Happy to announce @docker 1.9.0 is released! https://t.co/LtIIdiRwsu And so proud it coincides w the #golang book! https://t‚Ä¶
661655582752010241|1446585958551|Tue Nov 03 21:25:58 +0000 2015|automated|True|en|RT @Goodkindles: #book Happily Ever Alpha - A Paranormal Romance by 22 NY Times, USA Today, and Amazon Bestselling‚Ä¶ https://t.co/uVvQlF36YX‚Ä¶
661655583276318720|1446585958676|Tue Nov 03 21:25:58 +0000 2015|webclient|True|en|RT @AmerToothfairy: FREE Webinar, @Aspertools: A Look at Neurodiversity by author, Dr. Harold Reitman on 11/18 2pm ET. Register Here: https‚Ä¶
661655585956438016|1446585959315|Tue Nov 03 21:25:59 +0000 2015|android|True|en|RT @techdecade: The Rule of Lachesis-Book 2: Conception Kindle Edition by Jacob Garcia! @ Amazon from $0.99. https://t.co/L62Q9xcv9l https:‚Ä¶
661655585990012928|1446585959323|Tue Nov 03 21:25:59 +0000 2015|apple-device|True|en|RT @UsFsog: Tell us Why You Want to Read Crusher!Automatically Enter in the #Giveaway To Win the Book,don't forget to follow https://t.co/d‚Ä¶
661655586392711169|1446585959419|Tue Nov 03 21:25:59 +0000 2015|webclient|True|en|RT @shaneharris: .@AramRoston, who wrote the book on Chalabi, pens his obit: "the man who gave us ISIS." https://t.co/stzVG3xVsE
661655586354794496|1446585959410|Tue Nov 03 21:25:59 +0000 2015|apple-device|False|en|Just arrived: Unflattening, the comic book with a 19-page bibliography. https://t.co/k4FskqYXIW
661655587206377473|1446585959613|Tue Nov 03 21:25:59 +0000 2015|automated|False|en|https://t.co/WE7qpYbJwP Once upon cold autumn evening üìöüìñüê±üçÅ #cat #mypet #book #reading #love #me #girl #happiness ‚Ä¶ https://t.co/3dlxh31At8
661655587613200384|1446585959710|Tue Nov 03 21:25:59 +0000 2015|apple-device|False|en|lol I'll given my friend a list of books I want him too rob for me
661655587843923969|1446585959765|Tue Nov 03 21:25:59 +0000 2015|android|False|en|I imagine sterling on one wing and lingard on the other for England. That will be the great tribulation promised in the good book
